molecule_id,phase,solvent,file,checkpoint,old_checkpoint,route,model_chemistry,n_atoms,charge,multiplicity,nproc_shared,gaussian_mem,ended_normally,normal_termination_count,error_termination_count,optimization_completed,stationary_point_found,scf_energy_hartree,gibbs_free_energy_hartree,thermal_gibbs_correction_hartree,frequency_count,imaginary_frequency_count,minimum_frequency_cm1,temperature_k,pressure_atm,thermochemistry_warning,large_mo_coefficient_warning,polarization_charge_error,relaxed_pass,failure_reasons
caffeine,gas,,.ipynb_checkpoints/caffeine_gas_optfreq_SMD_protocol_M052X_631pGdp-checkpoint.log,caffeine_gas_M052X_631pGdp.chk,,"#p M052X/6-31+G(d,p) Opt Freq Int=UltraFine SCF=(XQC,Tight) NoSymm","M052X/6-31+G(d,p)",24,0,1,4,8GB,False,0,0,False,False,-680.334787135,,,0,0,,,,False,False,,False,no final normal termination; optimization incomplete; stationary point not confirmed; missing thermal Gibbs free energy; missing frequencies
caffeine,solution,Water,.ipynb_checkpoints/caffeine_water_optfreq_SMD_M052X_631pGdp-checkpoint.log,caffeine_water_smd_M052X_631pGdp.chk,,"#p M052X/6-31+G(d,p) Opt Freq SCRF=(SMD,Solvent=Water) Int=UltraFine S CF=(XQC,Tight) NoSymm","M052X/6-31+G(d,p)",24,0,1,16,16GB,False,0,0,False,False,-680.296534491,,,0,0,,,,False,False,0.04983,False,no final normal termination; optimization incomplete; stationary point not confirmed; missing thermal Gibbs free energy; missing frequencies
acetophenone,gas,,acetophenone/acetophenone_gas_optfreq_M052X_631pGdp.log,acetophenone_gas_M052X_631pGdp.chk,,"#p M052X/6-31+G(d,p) Opt=(CalcFC,MaxCycles=100) Freq Int=UltraFine SCF =(XQC,Tight) NoSymm","M052X/6-31+G(d,p)",17,0,1,4,8GB,False,0,2,False,False,-384.866926418,,,0,0,,,,False,True,,False,no final normal termination; Gaussian error termination; optimization incomplete; stationary point not confirmed; missing thermal Gibbs free energy; missing frequencies
acetophenone,gas,,acetophenone/acetophenone_gas_retry_from_failed.log,acetophenone_gas_retry_M052X_631pGdp.chk,acetophenone_gas_M052X_631pGdp.chk,"#p M052X/6-31+G(d,p) Opt=(CalcFC,MaxCycles=200) Freq Int=UltraFine SCF =(XQC,Tight) NoSymm Geom=Checkpoint Guess=Read","M052X/6-31+G(d,p)",17,0,1,4,8GB,True,2,0,True,True,-384.869661504,-384.761997,0.107665,45,0,59.2282,298.150,1.00000,True,True,,True,
acetophenone,solution,Water,acetophenone/acetophenone_water_from_retry_optfreq_SMD_M052X_631pGdp.log,acetophenone_water_smd_from_retry_M052X_631pGdp.chk,acetophenone_gas_retry_M052X_631pGdp.chk,"#p M052X/6-31+G(d,p) Opt=(CalcFC,MaxCycles=100) Freq SCRF=(SMD,Solvent =Water) Int=UltraFine SCF=(XQC,Tight) NoSymm Geom=Checkpoint Guess=Rea d","M052X/6-31+G(d,p)",17,0,1,16,16GB,True,2,0,True,True,-384.879690989,-384.772382,0.107309,45,0,52.8881,298.150,1.00000,True,True,0.04946,True,
alpha_methylstyrene,gas,,alpha_methylstyrene/alpha_methylstyrene_gas_optfreq_M052X_631pGdp.log,alpha_methylstyrene_gas_M052X_631pGdp.chk,,"#p M052X/6-31+G(d,p) Opt=(CalcFC,MaxCycles=100) Freq Int=UltraFine SCF =(XQC,Tight) NoSymm","M052X/6-31+G(d,p)",19,0,1,4,8GB,True,2,0,True,True,-348.941780710,-348.810286,0.131495,51,0,55.1034,298.150,1.00000,True,True,,True,
alpha_methylstyrene,solution,Water,alpha_methylstyrene/alpha_methylstyrene_water_optfreq_SMD_M052X_631pGdp.log,alpha_methylstyrene_water_smd_M052X_631pGdp.chk,alpha_methylstyrene_gas_M052X_631pGdp.chk,"#p M052X/6-31+G(d,p) Opt=(CalcFC,MaxCycles=100) Freq SCRF=(SMD,Solvent =Water) Int=UltraFine SCF=(XQC,Tight) NoSymm Geom=Checkpoint Guess=Rea d","M052X/6-31+G(d,p)",19,0,1,16,16GB,True,2,0,True,True,-348.944544281,-348.813336,0.131209,51,0,49.6474,298.150,1.00000,True,True,0.05246,True,
aniline,gas,,aniline/.ipynb_checkpoints/aniline_gas_optfreq_M052X_631pGdp-checkpoint.log,aniline_gas_M052X_631pGdp.chk,,"#p M052X/6-31+G(d,p) Opt=(CalcFC,MaxCycles=100) Freq Int=UltraFine SCF =(XQC,Tight) NoSymm","M052X/6-31+G(d,p)",14,0,1,4,8GB,True,2,0,True,True,-287.589760691,-287.499895,0.089866,36,0,224.0506,298.150,1.00000,True,True,,True,
aniline,gas,,aniline/aniline_gas_optfreq_M052X_631pGdp.log,aniline_gas_M052X_631pGdp.chk,,"#p M052X/6-31+G(d,p) Opt=(CalcFC,MaxCycles=100) Freq Int=UltraFine SCF =(XQC,Tight) NoSymm","M052X/6-31+G(d,p)",14,0,1,4,8GB,True,2,0,True,True,-287.589760691,-287.499895,0.089866,36,0,224.0506,298.150,1.00000,True,True,,True,
aniline,solution,Water,aniline/aniline_water_optfreq_SMD_M052X_631pGdp.log,aniline_water_smd_M052X_631pGdp.chk,aniline_gas_M052X_631pGdp.chk,"#p M052X/6-31+G(d,p) Opt=(CalcFC,MaxCycles=100) Freq SCRF=(SMD,Solvent =Water) Int=UltraFine SCF=(XQC,Tight) NoSymm Geom=Checkpoint Guess=Rea d","M052X/6-31+G(d,p)",14,0,1,16,16GB,True,2,0,True,True,-287.600162792,-287.510420,0.089743,36,0,223.9251,298.150,1.00000,True,True,0.04267,True,
anisole,gas,,anisole/anisole_gas_optfreq_M052X_631pGdp.log,anisole_gas_M052X_631pGdp.chk,,"#p M052X/6-31+G(d,p) Opt=(CalcFC,MaxCycles=100) Freq Int=UltraFine SCF =(XQC,Tight) NoSymm","M052X/6-31+G(d,p)",16,0,1,4,8GB,True,2,0,True,True,-346.747399362,-346.642835,0.104565,42,0,89.6618,298.150,1.00000,True,True,,True,
anisole,solution,Water,anisole/anisole_water_optfreq_SMD_M052X_631pGdp.log,anisole_water_smd_M052X_631pGdp.chk,anisole_gas_M052X_631pGdp.chk,"#p M052X/6-31+G(d,p) Opt=(CalcFC,MaxCycles=100) Freq SCRF=(SMD,Solvent =Water) Int=UltraFine SCF=(XQC,Tight) NoSymm Geom=Checkpoint Guess=Rea d","M052X/6-31+G(d,p)",16,0,1,16,16GB,True,2,0,True,True,-346.753004151,-346.648714,0.104290,42,0,90.6725,298.150,1.00000,True,True,0.04784,True,
benzaldehyde,gas,,benzaldehyde/benzaldehyde_gas_optfreq_M052X_631pGdp.log,benzaldehyde_gas_M052X_631pGdp.chk,,"#p M052X/6-31+G(d,p) Opt=(CalcFC,MaxCycles=100) Freq Int=UltraFine SCF =(XQC,Tight) NoSymm","M052X/6-31+G(d,p)",14,0,1,4,8GB,True,2,0,True,True,-345.549627639,-345.468352,0.081275,36,0,119.7011,298.150,1.00000,True,True,,True,
benzaldehyde,solution,Water,benzaldehyde/benzaldehyde_water_optfreq_SMD_M052X_631pGdp.log,benzaldehyde_water_smd_M052X_631pGdp.chk,benzaldehyde_gas_M052X_631pGdp.chk,"#p M052X/6-31+G(d,p) Opt=(CalcFC,MaxCycles=100) Freq SCRF=(SMD,Solvent =Water) Int=UltraFine SCF=(XQC,Tight) NoSymm Geom=Checkpoint Guess=Rea d","M052X/6-31+G(d,p)",14,0,1,16,16GB,True,2,0,True,True,-345.558849013,-345.477611,0.081238,36,0,110.0602,298.150,1.00000,True,True,0.04610,True,
benzamide,gas,,benzamide/benzamide_gas_optfreq_M052X_631pGdp.log,benzamide_gas_M052X_631pGdp.chk,,"#p M052X/6-31+G(d,p) Opt=(CalcFC,MaxCycles=100) Freq Int=UltraFine SCF =(XQC,Tight) NoSymm","M052X/6-31+G(d,p)",16,0,1,4,8GB,True,2,0,True,True,-400.932790437,-400.835165,0.097626,42,0,66.3533,298.150,1.00000,True,True,,True,
benzamide,solution,Water,benzamide/benzamide_water_optfreq_SMD_M052X_631pGdp.log,benzamide_water_smd_M052X_631pGdp.chk,benzamide_gas_M052X_631pGdp.chk,"#p M052X/6-31+G(d,p) Opt=(CalcFC,MaxCycles=100) Freq SCRF=(SMD,Solvent =Water) Int=UltraFine SCF=(XQC,Tight) NoSymm Geom=Checkpoint Guess=Rea d","M052X/6-31+G(d,p)",16,0,1,16,16GB,True,2,0,True,True,-400.951883138,-400.854393,0.097490,42,0,74.5794,298.150,1.00000,True,True,0.04553,True,
benzene,gas,,benzene/benzene_gas_optfreq_M052X_631pGdp.log,benzene_gas_M052X_631pGdp.chk,,"#p M052X/6-31+G(d,p) Opt=(CalcFC,MaxCycles=100) Freq Int=UltraFine SCF =(XQC,Tight) NoSymm","M052X/6-31+G(d,p)",12,0,1,4,8GB,True,2,0,True,True,-232.234011067,-232.158620,0.075391,30,0,413.5731,298.150,1.00000,True,True,,True,
benzene,solution,Water,benzene/benzene_water_optfreq_SMD_M052X_631pGdp.log,benzene_water_smd_M052X_631pGdp.chk,benzene_gas_M052X_631pGdp.chk,"#p M052X/6-31+G(d,p) Opt=(CalcFC,MaxCycles=100) Freq SCRF=(SMD,Solvent =Water) Int=UltraFine SCF=(XQC,Tight) NoSymm Geom=Checkpoint Guess=Rea d","M052X/6-31+G(d,p)",12,0,1,16,16GB,True,2,0,True,True,-232.237036229,-232.161110,0.075926,30,0,411.3179,298.150,1.00000,True,True,0.04327,True,
benzonitrile,gas,,benzonitrile/benzonitrile_gas_optfreq_M052X_631pGdp.log,benzonitrile_gas_M052X_631pGdp.chk,,"#p M052X/6-31+G(d,p) Opt=(CalcFC,MaxCycles=100) Freq Int=UltraFine SCF =(XQC,Tight) NoSymm","M052X/6-31+G(d,p)",13,0,1,4,8GB,True,2,0,True,True,-324.473200060,-324.401911,0.071289,33,0,147.7194,298.150,1.00000,True,True,,True,
benzonitrile,solution,Water,benzonitrile/benzonitrile_water_optfreq_SMD_M052X_631pGdp.log,benzonitrile_water_smd_M052X_631pGdp.chk,benzonitrile_gas_M052X_631pGdp.chk,"#p M052X/6-31+G(d,p) Opt=(CalcFC,MaxCycles=100) Freq SCRF=(SMD,Solvent =Water) Int=UltraFine SCF=(XQC,Tight) NoSymm Geom=Checkpoint Guess=Rea d","M052X/6-31+G(d,p)",13,0,1,16,16GB,True,2,0,True,True,-324.480028392,-324.408853,0.071175,33,0,145.8409,298.150,1.00000,True,True,0.03754,True,
benzyl_alcohol,gas,,benzyl_alcohol/benzyl_alcohol_gas_optfreq_M052X_631pGdp.log,benzyl_alcohol_gas_M052X_631pGdp.chk,,"#p M052X/6-31+G(d,p) Opt=(CalcFC,MaxCycles=100) Freq Int=UltraFine SCF =(XQC,Tight) NoSymm","M052X/6-31+G(d,p)",16,0,1,4,8GB,True,2,0,True,True,-346.756512338,-346.652554,0.103959,42,0,45.8513,298.150,1.00000,True,True,,True,
benzyl_alcohol,solution,Water,benzyl_alcohol/benzyl_alcohol_water_optfreq_SMD_M052X_631pGdp.log,benzyl_alcohol_water_smd_M052X_631pGdp.chk,benzyl_alcohol_gas_M052X_631pGdp.chk,"#p M052X/6-31+G(d,p) Opt=(CalcFC,MaxCycles=100) Freq SCRF=(SMD,Solvent =Water) Int=UltraFine SCF=(XQC,Tight) NoSymm Geom=Checkpoint Guess=Rea d","M052X/6-31+G(d,p)",16,0,1,16,16GB,True,2,0,True,True,-346.768245271,-346.664125,0.104120,42,0,56.6763,298.150,1.00000,True,True,0.04980,True,
benzyl_bromide,gas,,benzyl_bromide/benzyl_bromide_gas_optfreq_M052X_631pGdp.log,benzyl_bromide_gas_M052X_631pGdp.chk,,"#p M052X/6-31+G(d,p) Opt=(CalcFC,MaxCycles=100) Freq Int=UltraFine SCF =(XQC,Tight) NoSymm","M052X/6-31+G(d,p)",15,0,1,4,8GB,True,2,0,True,True,-2842.65344008,-2842.564216,0.089224,39,0,104.2742,298.150,1.00000,True,True,,True,
benzyl_bromide,solution,Water,benzyl_bromide/benzyl_bromide_water_optfreq_SMD_M052X_631pGdp.log,benzyl_bromide_water_smd_M052X_631pGdp.chk,benzyl_bromide_gas_M052X_631pGdp.chk,"#p M052X/6-31+G(d,p) Opt=(CalcFC,MaxCycles=100) Freq SCRF=(SMD,Solvent =Water) Int=UltraFine SCF=(XQC,Tight) NoSymm Geom=Checkpoint Guess=Rea d","M052X/6-31+G(d,p)",15,0,1,16,16GB,True,2,0,True,True,-2842.65923744,-2842.570068,0.089170,39,0,110.9890,298.150,1.00000,True,True,0.02916,True,
benzyl_chloride,gas,,benzyl_chloride/benzyl_chloride_gas_optfreq_M052X_631pGdp.log,benzyl_chloride_gas_M052X_631pGdp.chk,,"#p M052X/6-31+G(d,p) Opt=(CalcFC,MaxCycles=100) Freq Int=UltraFine SCF =(XQC,Tight) NoSymm","M052X/6-31+G(d,p)",15,0,1,4,8GB,True,2,0,True,True,-731.119981385,-731.031186,0.088795,39,0,24.5074,298.150,1.00000,True,True,,True,
benzyl_chloride,solution,Water,benzyl_chloride/benzyl_chloride_water_optfreq_SMD_M052X_631pGdp.log,benzyl_chloride_water_smd_M052X_631pGdp.chk,benzyl_chloride_gas_M052X_631pGdp.chk,"#p M052X/6-31+G(d,p) Opt=(CalcFC,MaxCycles=100) Freq SCRF=(SMD,Solvent =Water) Int=UltraFine SCF=(XQC,Tight) NoSymm Geom=Checkpoint Guess=Rea d","M052X/6-31+G(d,p)",15,0,1,16,16GB,True,2,0,True,True,-731.126874268,-731.037880,0.088994,39,0,34.9260,298.150,1.00000,True,True,0.03615,True,
benzyl_imidazole,gas,,benzyl_imidazole/benzyl_imidazole_gas_optfreq_M052X_631pGdp.log,benzyl_imidazole_gas_M052X_631pGdp.chk,,"#p M052X/6-31+G(d,p) Opt=(CalcFC,MaxCycles=200) Freq Int=UltraFine SCF =(XQC,Tight) NoSymm","M052X/6-31+G(d,p)",22,0,1,8,12GB,True,2,0,True,True,-496.557770935,-496.410122,0.147649,60,0,26.9788,298.150,1.00000,True,True,,True,
benzyl_imidazole,solution,Water,benzyl_imidazole/benzyl_imidazole_water_optfreq_SMD_M052X_631pGdp.log,benzyl_imidazole_water_smd_M052X_631pGdp.chk,benzyl_imidazole_gas_M052X_631pGdp.chk,"#p M052X/6-31+G(d,p) Opt=(CalcFC,MaxCycles=200) Freq SCRF=(SMD,Solvent =Water) Int=UltraFine SCF=(XQC,Tight) NoSymm Geom=Checkpoint Guess=Rea d","M052X/6-31+G(d,p)",22,0,1,16,20GB,True,2,0,True,True,-496.575153201,-496.427520,0.147633,60,0,20.1481,298.150,1.00000,True,True,0.05201,True,
biphenyl,gas,,biphenyl/biphenyl_gas_optfreq_M052X_631pGdp.log,biphenyl_gas_M052X_631pGdp.chk,,"#p M052X/6-31+G(d,p) Opt=(CalcFC,MaxCycles=150) Freq Int=UltraFine SCF =(XQC,Tight) NoSymm","M052X/6-31+G(d,p)",22,0,1,4,8GB,True,2,0,True,True,-463.285651078,-463.135564,0.150087,60,0,71.2408,298.150,1.00000,True,True,,True,
biphenyl,solution,Water,biphenyl/biphenyl_water_optfreq_SMD_M052X_631pGdp.log,biphenyl_water_smd_M052X_631pGdp.chk,biphenyl_gas_M052X_631pGdp.chk,"#p M052X/6-31+G(d,p) Opt=(CalcFC,MaxCycles=150) Freq SCRF=(SMD,Solvent =Water) Int=UltraFine SCF=(XQC,Tight) NoSymm Geom=Checkpoint Guess=Rea d","M052X/6-31+G(d,p)",22,0,1,16,16GB,True,2,0,True,True,-463.291603378,-463.141417,0.150187,60,0,72.8275,298.150,1.00000,True,True,0.05592,True,
bromobenzene,gas,,bromobenzene/bromobenzene_gas_optfreq_M052X_631pGdp.log,bromobenzene_gas_M052X_631pGdp.chk,,"#p M052X/6-31+G(d,p) Opt=(CalcFC,MaxCycles=100) Freq Int=UltraFine SCF =(XQC,Tight) NoSymm","M052X/6-31+G(d,p)",12,0,1,4,8GB,True,2,0,True,True,-2803.34447932,-2803.281977,0.062502,30,0,204.6338,298.150,1.00000,True,True,,True,
bromobenzene,solution,Water,bromobenzene/bromobenzene_water_optfreq_SMD_M052X_631pGdp.log,bromobenzene_water_smd_M052X_631pGdp.chk,bromobenzene_gas_M052X_631pGdp.chk,"#p M052X/6-31+G(d,p) Opt=(CalcFC,MaxCycles=100) Freq SCRF=(SMD,Solvent =Water) Int=UltraFine SCF=(XQC,Tight) NoSymm Geom=Checkpoint Guess=Rea d","M052X/6-31+G(d,p)",12,0,1,16,16GB,True,2,0,True,True,-2803.34841138,-2803.286704,0.061707,30,0,203.7637,298.150,1.00000,True,True,0.02476,True,
caffeine,gas,,caffeine/caffeine_gas_optfreq_M052X_631pGdp.log,caffeine_gas_M052X_631pGdp.chk,,"#p M052X/6-31+G(d,p) Opt=(CalcFC,MaxCycles=200) Freq Int=UltraFine SCF =(XQC,Tight) NoSymm","M052X/6-31+G(d,p)",24,0,1,8,12GB,True,2,0,True,True,-680.334787471,-680.181999,0.152788,66,0,60.3984,298.150,1.00000,True,True,,True,
caffeine,solution,Water,caffeine/caffeine_water_optfreq_SMD_M052X_631pGdp.log,caffeine_water_smd_M052X_631pGdp.chk,caffeine_gas_M052X_631pGdp.chk,"#p M052X/6-31+G(d,p) Opt=(CalcFC,MaxCycles=200) Freq SCRF=(SMD,Solvent =Water) Int=UltraFine SCF=(XQC,Tight) NoSymm Geom=Checkpoint Guess=Rea d","M052X/6-31+G(d,p)",24,0,1,16,20GB,True,2,0,True,True,-680.357971806,-680.204339,0.153633,66,0,77.5749,298.150,1.00000,True,True,0.04918,True,
caffeine,gas,,caffeine_gas_optfreq_SMD_protocol_M052X_631pGdp.log,caffeine_gas_M052X_631pGdp.chk,,"#p M052X/6-31+G(d,p) Opt Freq Int=UltraFine SCF=(XQC,Tight) NoSymm","M052X/6-31+G(d,p)",24,0,1,4,8GB,False,0,0,False,False,-680.334787135,,,0,0,,,,False,False,,False,no final normal termination; optimization incomplete; stationary point not confirmed; missing thermal Gibbs free energy; missing frequencies
caffeine,solution,Water,caffeine_water_optfreq_SMD_M052X_631pGdp.log,caffeine_water_smd_M052X_631pGdp.chk,,"#p M052X/6-31+G(d,p) Opt Freq SCRF=(SMD,Solvent=Water) Int=UltraFine S CF=(XQC,Tight) NoSymm","M052X/6-31+G(d,p)",24,0,1,16,16GB,False,0,0,False,False,-680.296534491,,,0,0,,,,False,False,0.04983,False,no final normal termination; optimization incomplete; stationary point not confirmed; missing thermal Gibbs free energy; missing frequencies
chlorobenzene,gas,,chlorobenzene/chlorobenzene_gas_optfreq_M052X_631pGdp.log,chlorobenzene_gas_M052X_631pGdp.chk,,"#p M052X/6-31+G(d,p) Opt=(CalcFC,MaxCycles=100) Freq Int=UltraFine SCF =(XQC,Tight) NoSymm","M052X/6-31+G(d,p)",12,0,1,4,8GB,True,2,0,True,True,-691.808514717,-691.745055,0.063460,30,0,190.9556,298.150,1.00000,True,True,,True,
chlorobenzene,solution,Water,chlorobenzene/chlorobenzene_water_optfreq_SMD_M052X_631pGdp.log,chlorobenzene_water_smd_M052X_631pGdp.chk,chlorobenzene_gas_M052X_631pGdp.chk,"#p M052X/6-31+G(d,p) Opt=(CalcFC,MaxCycles=100) Freq SCRF=(SMD,Solvent =Water) Int=UltraFine SCF=(XQC,Tight) NoSymm Geom=Checkpoint Guess=Rea d","M052X/6-31+G(d,p)",12,0,1,16,16GB,True,2,0,True,True,-691.811737656,-691.748430,0.063308,30,0,188.9245,298.150,1.00000,True,True,0.03170,True,
chlorobiphenyl,gas,,chlorobiphenyl/chlorobiphenyl_gas_optfreq_M052X_631pGdp.log,chlorobiphenyl_gas_M052X_631pGdp.chk,,"#p M052X/6-31+G(d,p) Opt=(CalcFC,MaxCycles=200) Freq Int=UltraFine SCF =(XQC,Tight) NoSymm","M052X/6-31+G(d,p)",22,0,1,8,12GB,True,2,0,True,True,-922.860012582,-922.721860,0.138153,60,0,60.1067,298.150,1.00000,True,True,,True,
chlorobiphenyl,solution,Water,chlorobiphenyl/chlorobiphenyl_water_optfreq_SMD_M052X_631pGdp.log,chlorobiphenyl_water_smd_M052X_631pGdp.chk,chlorobiphenyl_gas_M052X_631pGdp.chk,"#p M052X/6-31+G(d,p) Opt=(CalcFC,MaxCycles=200) Freq SCRF=(SMD,Solvent =Water) Int=UltraFine SCF=(XQC,Tight) NoSymm Geom=Checkpoint Guess=Rea d","M052X/6-31+G(d,p)",22,0,1,16,20GB,True,2,0,True,True,-922.866054976,-922.727117,0.138938,60,0,59.0234,298.150,1.00000,True,True,0.04543,True,
cumene,gas,,cumene/cumene_gas_optfreq_M052X_631pGdp.log,cumene_gas_M052X_631pGdp.chk,,"#p M052X/6-31+G(d,p) Opt=(CalcFC,MaxCycles=100) Freq Int=UltraFine SCF =(XQC,Tight) NoSymm","M052X/6-31+G(d,p)",21,0,1,4,8GB,True,2,0,True,True,-350.164971439,-350.008494,0.156477,57,1,-63.8576,298.150,1.00000,True,True,,False,1 imaginary frequency/frequencies
cumene,gas,,cumene/cumene_gas_retry_from_water.log,cumene_gas_retry_M052X_631pGdp.chk,cumene_water_smd_M052X_631pGdp.chk,"#p M052X/6-31+G(d,p) Opt=(CalcFC,MaxCycles=100) Freq Int=UltraFine SCF =(XQC,Tight) NoSymm Geom=Checkpoint Guess=Read","M052X/6-31+G(d,p)",21,0,1,4,8GB,True,2,0,True,True,-350.168689999,-350.014380,0.154310,57,0,42.3272,298.150,1.00000,True,True,,True,
cumene,solution,Water,cumene/cumene_water_optfreq_SMD_M052X_631pGdp.log,cumene_water_smd_M052X_631pGdp.chk,cumene_gas_M052X_631pGdp.chk,"#p M052X/6-31+G(d,p) Opt=(CalcFC,MaxCycles=100) Freq SCRF=(SMD,Solvent =Water) Int=UltraFine SCF=(XQC,Tight) NoSymm Geom=Checkpoint Guess=Rea d","M052X/6-31+G(d,p)",21,0,1,16,16GB,True,2,0,True,True,-350.170436758,-350.016404,0.154033,57,0,44.7381,298.150,1.00000,True,True,0.05525,True,
dibenzodioxin,gas,,dibenzodioxin/dibenzodioxin_gas_optfreq_M052X_631pGdp.bad.log,dibenzodioxin_gas_M052X_631pGdp.chk,,"#p M052X/6-31+G(d,p) Opt=(CalcFC,MaxCycles=200) Freq Int=UltraFine SCF =(XQC,Tight) NoSymm","M052X/6-31+G(d,p)",23,0,1,8,12GB,False,0,1,False,False,,,,0,0,,,,False,False,,False,no final normal termination; Gaussian error termination; optimization incomplete; stationary point not confirmed; missing thermal Gibbs free energy; missing frequencies
dibenzodioxin,gas,,dibenzodioxin/dibenzodioxin_gas_optfreq_M052X_631pGdp.log,dibenzodioxin_gas_M052X_631pGdp.chk,,"#p M052X/6-31+G(d,p) Opt=(CalcFC,MaxCycles=300) Freq Int=UltraFine SCF =(XQC,Tight) NoSymm","M052X/6-31+G(d,p)",22,0,1,8,12GB,True,2,0,True,True,-612.498284421,-612.364018,0.134266,60,0,15.0517,298.150,1.00000,True,True,,True,
dibenzodioxin,solution,Water,dibenzodioxin/dibenzodioxin_water_cart_retry.log,dibenzodioxin_water_cart_retry.chk,dibenzodioxin_water_retry.chk,"#p M052X/6-31+G(d,p) Opt=(Cartesian,CalcFC,MaxCycles=500,NoEigenTest) Freq SCRF=(SMD,Solvent=Water) Int=UltraFine SCF=(XQC,Tight) NoSymm Geo m=AllCheck Guess=Read","M052X/6-31+G(d,p)",22,0,1,16,20GB,True,2,0,False,True,-612.504053442,-612.371272,0.132781,60,0,5.6457,298.150,1.00000,True,True,0.05478,False,optimization incomplete
dibenzodioxin,solution,Water,dibenzodioxin/dibenzodioxin_water_optfreq_SMD_M052X_631pGdp.log,dibenzodioxin_water_smd_M052X_631pGdp.chk,dibenzodioxin_gas_M052X_631pGdp.chk,"#p M052X/6-31+G(d,p) Opt=(CalcFC,MaxCycles=200) Freq SCRF=(SMD,Solvent =Water) Int=UltraFine SCF=(XQC,Tight) NoSymm Geom=Checkpoint Guess=Rea d","M052X/6-31+G(d,p)",22,0,1,16,20GB,True,2,0,True,True,-612.504051325,-612.367859,0.136192,60,1,-9.4763,298.150,1.00000,True,True,0.05466,False,1 imaginary frequency/frequencies
dibenzodioxin,solution,Water,dibenzodioxin/dibenzodioxin_water_retry.log,dibenzodioxin_water_retry.chk,dibenzodioxin_water_smd_M052X_631pGdp.chk,"#p M052X/6-31+G(d,p) Opt=(CalcFC,MaxCycles=300,NoEigenTest) Freq SCRF= (SMD,Solvent=Water) Int=UltraFine SCF=(XQC,Tight) NoSymm Geom=AllCheck Guess=Read","M052X/6-31+G(d,p)",22,0,1,16,20GB,True,2,0,False,True,-612.504051359,-612.367858,0.136193,60,1,-8.6277,298.150,1.00000,True,True,0.05466,False,optimization incomplete; 1 imaginary frequency/frequencies
dichlorobiphenyl,gas,,dichlorobiphenyl/dichlorobiphenyl_gas_optfreq_M052X_631pGdp.log,dichlorobiphenyl_gas_M052X_631pGdp.chk,,"#p M052X/6-31+G(d,p) Opt=(CalcFC,MaxCycles=200) Freq Int=UltraFine SCF =(XQC,Tight) NoSymm","M052X/6-31+G(d,p)",22,0,1,8,12GB,True,2,0,True,True,-1382.42991888,-1382.303465,0.126453,60,0,54.0607,298.150,1.00000,True,True,,True,
dichlorobiphenyl,solution,Water,dichlorobiphenyl/dichlorobiphenyl_water_optfreq_SMD_M052X_631pGdp.log,dichlorobiphenyl_water_smd_M052X_631pGdp.chk,dichlorobiphenyl_gas_M052X_631pGdp.chk,"#p M052X/6-31+G(d,p) Opt=(CalcFC,MaxCycles=200) Freq SCRF=(SMD,Solvent =Water) Int=UltraFine SCF=(XQC,Tight) NoSymm Geom=Checkpoint Guess=Rea d","M052X/6-31+G(d,p)",22,0,1,16,20GB,True,2,0,True,True,-1382.43552269,-1382.308859,0.126664,60,0,56.5142,298.150,1.00000,True,True,0.03967,True,
dihydroanthracene,gas,,dihydroanthracene/dihydroanthracene_gas_optfreq_M052X_631pGdp.bad.log,dihydroanthracene_gas_M052X_631pGdp.chk,,"#p M052X/6-31+G(d,p) Opt=(CalcFC,MaxCycles=200) Freq Int=UltraFine SCF =(XQC,Tight) NoSymm","M052X/6-31+G(d,p)",25,0,1,8,12GB,False,0,1,False,False,,,,0,0,,,,False,False,,False,no final normal termination; Gaussian error termination; optimization incomplete; stationary point not confirmed; missing thermal Gibbs free energy; missing frequencies
dihydroanthracene,gas,,dihydroanthracene/dihydroanthracene_gas_optfreq_M052X_631pGdp.log,dihydroanthracene_gas_M052X_631pGdp.chk,,"#p M052X/6-31+G(d,p) Opt=(CalcFC,MaxCycles=300) Freq Int=UltraFine SCF =(XQC,Tight) NoSymm","M052X/6-31+G(d,p)",26,0,1,8,12GB,True,2,0,True,True,-540.712506898,-540.526788,0.185719,72,1,-47.9925,298.150,1.00000,True,True,,False,1 imaginary frequency/frequencies
dihydroanthracene,gas,,dihydroanthracene/dihydroanthracene_gas_retry_from_water.log,dihydroanthracene_gas_retry_M052X_631pGdp.chk,dihydroanthracene_water_smd_M052X_631pGdp.chk,"#p M052X/6-31+G(d,p) Opt=(CalcFC,MaxCycles=200) Freq Int=UltraFine SCF =(XQC,Tight) NoSymm Geom=Checkpoint Guess=Read","M052X/6-31+G(d,p)",26,0,1,8,12GB,True,2,0,True,True,-540.715729957,-540.530799,0.184931,72,0,55.3389,298.150,1.00000,True,True,,True,
dihydroanthracene,solution,Water,dihydroanthracene/dihydroanthracene_water_optfreq_SMD_M052X_631pGdp.log,dihydroanthracene_water_smd_M052X_631pGdp.chk,dihydroanthracene_gas_M052X_631pGdp.chk,"#p M052X/6-31+G(d,p) Opt=(CalcFC,MaxCycles=200) Freq SCRF=(SMD,Solvent =Water) Int=UltraFine SCF=(XQC,Tight) NoSymm Geom=Checkpoint Guess=Rea d","M052X/6-31+G(d,p)",26,0,1,16,20GB,True,2,0,True,True,-540.723369395,-540.538535,0.184834,72,0,57.0019,298.150,1.00000,True,True,0.05992,True,
dimethyl_naphthalene_1,gas,,dimethyl_naphthalene_1/dimethyl_naphthalene_1_gas_optfreq_M052X_631pGdp.log,dimethyl_naphthalene_1_gas_M052X_631pGdp.chk,,"#p M052X/6-31+G(d,p) Opt=(CalcFC,MaxCycles=200) Freq Int=UltraFine SCF =(XQC,Tight) NoSymm","M052X/6-31+G(d,p)",24,0,1,8,12GB,True,2,0,True,True,-464.500480142,-464.328962,0.171518,66,1,-103.4860,298.150,1.00000,True,True,,False,1 imaginary frequency/frequencies
dimethyl_naphthalene_1,gas,,dimethyl_naphthalene_1/dimethyl_naphthalene_1_gas_retry_from_water.log,dimethyl_naphthalene_1_gas_retry_M052X_631pGdp.chk,dimethyl_naphthalene_1_water_smd_M052X_631pGdp.chk,"#p M052X/6-31+G(d,p) Opt=(CalcFC,MaxCycles=200) Freq Int=UltraFine SCF =(XQC,Tight) NoSymm Geom=Checkpoint Guess=Read","M052X/6-31+G(d,p)",24,0,1,8,12GB,True,2,0,True,True,-464.501596224,-464.330652,0.170944,66,0,102.1254,298.150,1.00000,True,True,,True,
dimethyl_naphthalene_1,solution,Water,dimethyl_naphthalene_1/dimethyl_naphthalene_1_water_optfreq_SMD_M052X_631pGdp.log,dimethyl_naphthalene_1_water_smd_M052X_631pGdp.chk,dimethyl_naphthalene_1_gas_M052X_631pGdp.chk,"#p M052X/6-31+G(d,p) Opt=(CalcFC,MaxCycles=200) Freq SCRF=(SMD,Solvent =Water) Int=UltraFine SCF=(XQC,Tight) NoSymm Geom=Checkpoint Guess=Rea d","M052X/6-31+G(d,p)",24,0,1,16,20GB,True,2,0,True,True,-464.506080734,-464.335430,0.170651,66,0,107.8609,298.150,1.00000,True,True,0.05782,True,
dimethyl_naphthalene_2,gas,,dimethyl_naphthalene_2/dimethyl_naphthalene_2_gas_optfreq_M052X_631pGdp.log,dimethyl_naphthalene_2_gas_M052X_631pGdp.chk,,"#p M052X/6-31+G(d,p) Opt=(CalcFC,MaxCycles=200) Freq Int=UltraFine SCF =(XQC,Tight) NoSymm","M052X/6-31+G(d,p)",24,0,1,8,12GB,True,2,0,True,True,-464.501495959,-464.330573,0.170923,66,0,100.4198,298.150,1.00000,True,True,,True,
dimethyl_naphthalene_2,solution,Water,dimethyl_naphthalene_2/dimethyl_naphthalene_2_water_optfreq_SMD_M052X_631pGdp.log,dimethyl_naphthalene_2_water_smd_M052X_631pGdp.chk,dimethyl_naphthalene_2_gas_M052X_631pGdp.chk,"#p M052X/6-31+G(d,p) Opt=(CalcFC,MaxCycles=200) Freq SCRF=(SMD,Solvent =Water) Int=UltraFine SCF=(XQC,Tight) NoSymm Geom=Checkpoint Guess=Rea d","M052X/6-31+G(d,p)",24,0,1,16,20GB,True,2,0,True,True,-464.506015116,-464.335333,0.170682,66,0,103.0009,298.150,1.00000,True,True,0.05796,True,
dimethyl_naphthalene_3,gas,,dimethyl_naphthalene_3/dimethyl_naphthalene_3_gas_optfreq_M052X_631pGdp.log,dimethyl_naphthalene_3_gas_M052X_631pGdp.chk,,"#p M052X/6-31+G(d,p) Opt=(CalcFC,MaxCycles=200) Freq Int=UltraFine SCF =(XQC,Tight) NoSymm","M052X/6-31+G(d,p)",24,0,1,8,12GB,True,2,0,True,True,-464.490678617,-464.319443,0.171235,66,0,30.2678,298.150,1.00000,True,True,,True,
dimethyl_naphthalene_3,solution,Water,dimethyl_naphthalene_3/dimethyl_naphthalene_3_water_optfreq_SMD_M052X_631pGdp.log,dimethyl_naphthalene_3_water_smd_M052X_631pGdp.chk,dimethyl_naphthalene_3_gas_M052X_631pGdp.chk,"#p M052X/6-31+G(d,p) Opt=(CalcFC,MaxCycles=200) Freq SCRF=(SMD,Solvent =Water) Int=UltraFine SCF=(XQC,Tight) NoSymm Geom=Checkpoint Guess=Rea d","M052X/6-31+G(d,p)",24,0,1,16,20GB,True,2,0,True,True,-464.495848929,-464.323685,0.172164,66,0,65.4215,298.150,1.00000,True,True,0.05653,True,
dimethyl_naphthalene_4,gas,,dimethyl_naphthalene_4/dimethyl_naphthalene_4_gas_optfreq_M052X_631pGdp.log,dimethyl_naphthalene_4_gas_M052X_631pGdp.chk,,"#p M052X/6-31+G(d,p) Opt=(CalcFC,MaxCycles=200) Freq Int=UltraFine SCF =(XQC,Tight) NoSymm","M052X/6-31+G(d,p)",24,0,1,8,12GB,True,2,0,True,True,-464.500744294,-464.330103,0.170641,66,1,-104.1320,298.150,1.00000,True,True,,False,1 imaginary frequency/frequencies
dimethyl_naphthalene_4,gas,,dimethyl_naphthalene_4/dimethyl_naphthalene_4_gas_retry_from_water.log,dimethyl_naphthalene_4_gas_retry_M052X_631pGdp.chk,dimethyl_naphthalene_4_water_smd_M052X_631pGdp.chk,"#p M052X/6-31+G(d,p) Opt=(CalcFC,MaxCycles=200) Freq Int=UltraFine SCF =(XQC,Tight) NoSymm Geom=Checkpoint Guess=Read","M052X/6-31+G(d,p)",24,0,1,8,12GB,True,2,0,True,True,-464.501776212,-464.332125,0.169651,66,0,80.7866,298.150,1.00000,True,True,,True,
dimethyl_naphthalene_4,solution,Water,dimethyl_naphthalene_4/dimethyl_naphthalene_4_water_optfreq_SMD_M052X_631pGdp.log,dimethyl_naphthalene_4_water_smd_M052X_631pGdp.chk,dimethyl_naphthalene_4_gas_M052X_631pGdp.chk,"#p M052X/6-31+G(d,p) Opt=(CalcFC,MaxCycles=200) Freq SCRF=(SMD,Solvent =Water) Int=UltraFine SCF=(XQC,Tight) NoSymm Geom=Checkpoint Guess=Rea d","M052X/6-31+G(d,p)",24,0,1,16,20GB,True,2,0,True,True,-464.506146870,-464.336970,0.169177,66,0,79.7714,298.150,1.00000,True,True,0.05870,True,
diphenyl_ether,gas,,diphenyl_ether/diphenyl_ether_gas_optfreq_M052X_631pGdp.log,diphenyl_ether_gas_M052X_631pGdp.chk,,"#p M052X/6-31+G(d,p) Opt=(CalcFC,MaxCycles=150) Freq Int=UltraFine SCF =(XQC,Tight) NoSymm","M052X/6-31+G(d,p)",23,0,1,4,8GB,True,2,0,True,True,-538.486529046,-538.335500,0.151029,63,0,19.7019,298.150,1.00000,True,True,,True,
diphenyl_ether,solution,Water,diphenyl_ether/diphenyl_ether_water_optfreq_SMD_M052X_631pGdp.log,diphenyl_ether_water_smd_M052X_631pGdp.chk,diphenyl_ether_gas_M052X_631pGdp.chk,"#p M052X/6-31+G(d,p) Opt=(CalcFC,MaxCycles=150) Freq SCRF=(SMD,Solvent =Water) Int=UltraFine SCF=(XQC,Tight) NoSymm Geom=Checkpoint Guess=Rea d","M052X/6-31+G(d,p)",23,0,1,16,16GB,True,2,0,True,True,-538.492873475,-538.342382,0.150491,63,0,18.3407,298.150,1.00000,True,True,0.05661,True,
ethanol,gas,,ethanol/ethanol_gas_optfreq_M052X_631pGdp.log,ethanol_gas_M052X_631pGdp.chk,,"#p M052X/6-31+G(d,p) Opt=(CalcFC,MaxCycles=100) Freq Int=UltraFine SCF =(XQC,Tight) NoSymm","M052X/6-31+G(d,p)",9,0,1,4,8GB,True,2,0,True,True,-155.021705354,-154.965768,0.055937,21,0,243.9426,298.150,1.00000,True,True,,True,
ethanol,solution,Water,ethanol/ethanol_water_optfreq_SMD_M052X_631pGdp.log,ethanol_water_smd_M052X_631pGdp.chk,ethanol_gas_M052X_631pGdp.chk,"#p M052X/6-31+G(d,p) Opt=(CalcFC,MaxCycles=100) Freq SCRF=(SMD,Solvent =Water) Int=UltraFine SCF=(XQC,Tight) NoSymm Geom=Checkpoint Guess=Rea d","M052X/6-31+G(d,p)",9,0,1,16,16GB,True,2,0,True,True,-155.030732453,-154.975175,0.055557,21,0,236.7337,298.150,1.00000,True,True,0.03918,True,
ethyl_naphthalene,gas,,ethyl_naphthalene/ethyl_naphthalene_gas_optfreq_M052X_631pGdp.log,ethyl_naphthalene_gas_M052X_631pGdp.chk,,"#p M052X/6-31+G(d,p) Opt=(CalcFC,MaxCycles=150) Freq Int=UltraFine SCF =(XQC,Tight) NoSymm","M052X/6-31+G(d,p)",24,0,1,4,8GB,True,2,0,True,True,-464.496559776,-464.324013,0.172547,66,0,92.2225,298.150,1.00000,True,True,,True,
ethyl_naphthalene,solution,Water,ethyl_naphthalene/ethyl_naphthalene_water_optfreq_SMD_M052X_631pGdp.log,ethyl_naphthalene_water_smd_M052X_631pGdp.chk,ethyl_naphthalene_gas_M052X_631pGdp.chk,"#p M052X/6-31+G(d,p) Opt=(CalcFC,MaxCycles=150) Freq SCRF=(SMD,Solvent =Water) Int=UltraFine SCF=(XQC,Tight) NoSymm Geom=Checkpoint Guess=Rea d","M052X/6-31+G(d,p)",24,0,1,16,16GB,True,2,0,True,True,-464.501142701,-464.328888,0.172255,66,0,91.6907,298.150,1.00000,True,True,0.05754,True,
ethylbenzene,gas,,ethylbenzene/ethylbenzene_gas_optfreq_M052X_631pGdp.log,ethylbenzene_gas_M052X_631pGdp.chk,,"#p M052X/6-31+G(d,p) Opt=(CalcFC,MaxCycles=100) Freq Int=UltraFine SCF =(XQC,Tight) NoSymm","M052X/6-31+G(d,p)",18,0,1,4,8GB,True,2,0,True,True,-310.857436623,-310.730501,0.126936,48,0,31.8029,298.150,1.00000,True,True,,True,
ethylbenzene,solution,Water,ethylbenzene/ethylbenzene_water_optfreq_SMD_M052X_631pGdp.log,ethylbenzene_water_smd_M052X_631pGdp.chk,ethylbenzene_gas_M052X_631pGdp.chk,"#p M052X/6-31+G(d,p) Opt=(CalcFC,MaxCycles=100) Freq SCRF=(SMD,Solvent =Water) Int=UltraFine SCF=(XQC,Tight) NoSymm Geom=Checkpoint Guess=Rea d","M052X/6-31+G(d,p)",18,0,1,16,16GB,True,2,0,True,True,-310.859583705,-310.733122,0.126462,48,0,27.2651,298.150,1.00000,True,True,0.05179,True,
fluorene,gas,,fluorene/fluorene_gas_optfreq_M052X_631pGdp.log,fluorene_gas_M052X_631pGdp.chk,,"#p M052X/6-31+G(d,p) Opt=(CalcFC,MaxCycles=200) Freq Int=UltraFine SCF =(XQC,Tight) NoSymm","M052X/6-31+G(d,p)",22,0,1,8,12GB,True,2,0,True,True,-463.295238371,-463.143066,0.152173,60,0,74.8599,298.150,1.00000,True,True,,True,
fluorene,solution,Water,fluorene/fluorene_water_optfreq_SMD_M052X_631pGdp.log,fluorene_water_smd_M052X_631pGdp.chk,fluorene_gas_M052X_631pGdp.chk,"#p M052X/6-31+G(d,p) Opt=(CalcFC,MaxCycles=200) Freq SCRF=(SMD,Solvent =Water) Int=UltraFine SCF=(XQC,Tight) NoSymm Geom=Checkpoint Guess=Rea d","M052X/6-31+G(d,p)",22,0,1,16,20GB,True,2,0,True,True,-463.300699319,-463.148790,0.151909,60,0,80.4735,298.150,1.00000,True,True,0.05476,True,
fluorobenzene,gas,,fluorobenzene/.ipynb_checkpoints/fluorobenzene_gas_optfreq_M052X_631pGdp-checkpoint.log,fluorobenzene_gas_M052X_631pGdp.chk,,"#p M052X/6-31+G(d,p) Opt=(CalcFC,MaxCycles=100) Freq Int=UltraFine SCF =(XQC,Tight) NoSymm","M052X/6-31+G(d,p)",12,0,1,4,8GB,True,2,0,True,True,-331.468929250,-331.403146,0.065783,30,0,241.4528,298.150,1.00000,True,True,,True,
fluorobenzene,solution,Water,fluorobenzene/.ipynb_checkpoints/fluorobenzene_water_optfreq_SMD_M052X_631pGdp-checkpoint.log,fluorobenzene_water_smd_M052X_631pGdp.chk,fluorobenzene_gas_M052X_631pGdp.chk,"#p M052X/6-31+G(d,p) Opt=(CalcFC,MaxCycles=100) Freq SCRF=(SMD,Solvent =Water) Int=UltraFine SCF=(XQC,Tight) NoSymm Geom=Checkpoint Guess=Rea d","M052X/6-31+G(d,p)",12,0,1,16,16GB,True,2,0,True,True,-331.471813208,-331.406246,0.065567,30,0,240.5667,298.150,1.00000,True,True,0.03539,True,
fluorobenzene,gas,,fluorobenzene/fluorobenzene_gas_optfreq_M052X_631pGdp.log,fluorobenzene_gas_M052X_631pGdp.chk,,"#p M052X/6-31+G(d,p) Opt=(CalcFC,MaxCycles=100) Freq Int=UltraFine SCF =(XQC,Tight) NoSymm","M052X/6-31+G(d,p)",12,0,1,4,8GB,True,2,0,True,True,-331.468929250,-331.403146,0.065783,30,0,241.4528,298.150,1.00000,True,True,,True,
fluorobenzene,solution,Water,fluorobenzene/fluorobenzene_water_optfreq_SMD_M052X_631pGdp.log,fluorobenzene_water_smd_M052X_631pGdp.chk,fluorobenzene_gas_M052X_631pGdp.chk,"#p M052X/6-31+G(d,p) Opt=(CalcFC,MaxCycles=100) Freq SCRF=(SMD,Solvent =Water) Int=UltraFine SCF=(XQC,Tight) NoSymm Geom=Checkpoint Guess=Rea d","M052X/6-31+G(d,p)",12,0,1,16,16GB,True,2,0,True,True,-331.471813208,-331.406246,0.065567,30,0,240.5667,298.150,1.00000,True,True,0.03539,True,
formaldehyde,gas,,formaldehyde/formaldehyde_gas_optfreq_M052X_631pGdp.log,formaldehyde_gas_M052X_631pGdp.chk,,"#p M052X/6-31+G(d,p) Opt=(CalcFC,MaxCycles=100) Freq Int=UltraFine SCF =(XQC,Tight) NoSymm","M052X/6-31+G(d,p)",4,0,1,4,8GB,True,2,0,True,True,-114.485283992,-114.478817,0.006467,6,0,1231.9528,298.150,1.00000,False,False,,True,
formaldehyde,solution,Water,formaldehyde/formaldehyde_water_optfreq_SMD_M052X_631pGdp.log,formaldehyde_water_smd_M052X_631pGdp.chk,formaldehyde_gas_M052X_631pGdp.chk,"#p M052X/6-31+G(d,p) Opt=(CalcFC,MaxCycles=100) Freq SCRF=(SMD,Solvent =Water) Int=UltraFine SCF=(XQC,Tight) NoSymm Geom=Checkpoint Guess=Rea d","M052X/6-31+G(d,p)",4,0,1,16,16GB,True,2,0,True,True,-114.490543202,-114.483899,0.006645,6,0,1258.5398,298.150,1.00000,False,False,0.02735,True,
h2o,gas,,h2o/.ipynb_checkpoints/h2o_gas_optfreq_SMD_protocol_M052X_631pGdp-checkpoint.log,caffeine_gas_M052X_631pGdp.chk,,"#p M052X/6-31+G(d,p) Opt Freq Int=UltraFine SCF=(XQC,Tight) NoSymm","M052X/6-31+G(d,p)",3,0,1,4,8GB,True,2,0,True,True,-76.4163531303,-76.412343,0.004010,3,0,1593.5506,298.150,1.00000,False,False,,True,
h2o,solution,Water,h2o/.ipynb_checkpoints/h2o_water_optfreq_SMD_M052X_631pGdp-checkpoint.log,caffeine_water_smd_M052X_631pGdp.chk,,"#p M052X/6-31+G(d,p) Opt Freq SCRF=(SMD,Solvent=Water) Int=UltraFine S CF=(XQC,Tight) NoSymm","M052X/6-31+G(d,p)",3,0,1,16,16GB,True,2,0,True,True,-76.4310824318,-76.427411,0.003672,3,0,1571.6328,298.150,1.00000,False,False,0.02811,True,
h2o,gas,,h2o/h2o_gas_optfreq_SMD_protocol_M052X_631pGdp.log,caffeine_gas_M052X_631pGdp.chk,,"#p M052X/6-31+G(d,p) Opt Freq Int=UltraFine SCF=(XQC,Tight) NoSymm","M052X/6-31+G(d,p)",3,0,1,4,8GB,True,2,0,True,True,-76.4163531303,-76.412343,0.004010,3,0,1593.5506,298.150,1.00000,False,False,,True,
h2o,solution,Water,h2o/h2o_water_optfreq_SMD_M052X_631pGdp.log,caffeine_water_smd_M052X_631pGdp.chk,,"#p M052X/6-31+G(d,p) Opt Freq SCRF=(SMD,Solvent=Water) Int=UltraFine S CF=(XQC,Tight) NoSymm","M052X/6-31+G(d,p)",3,0,1,16,16GB,True,2,0,True,True,-76.4310824318,-76.427411,0.003672,3,0,1571.6328,298.150,1.00000,False,False,0.02811,True,
iodobenzene,gas,,iodobenzene/iodobenzene_gas_optfreq_M052X_631pGdp.log,iodobenzene_gas_M052X_631pGdp.chk,,"#p M052X/6-31+G(d,p) Opt=(CalcFC,MaxCycles=100) Freq Int=UltraFine SCF =(XQC,Tight) NoSymm","M052X/6-31+G(d,p)",12,0,1,4,8GB,False,0,1,False,False,,,,0,0,,,,False,False,,False,no final normal termination; Gaussian error termination; optimization incomplete; stationary point not confirmed; missing thermal Gibbs free energy; missing frequencies
iodobenzene,gas,,iodobenzene/iodobenzene_gas_optfreq_M052X_def2SVP.log,iodobenzene_gas_M052X_def2SVP.chk,,"#p M052X/def2SVP Opt=(CalcFC,MaxCycles=100) Freq Int=UltraFine SCF=(XQ C,Tight) NoSymm",M052X/def2SVP,12,0,1,4,8GB,True,2,0,True,True,-529.096164922,-529.035441,0.060724,30,0,155.4483,298.150,1.00000,True,True,,True,
iodobenzene,solution,Water,iodobenzene/iodobenzene_water_optfreq_SMD_M052X_def2SVP.log,iodobenzene_water_smd_M052X_def2SVP.chk,iodobenzene_gas_M052X_def2SVP.chk,"#p M052X/def2SVP Opt=(CalcFC,MaxCycles=100) Freq SCRF=(SMD,Solvent=Wat er) Int=UltraFine SCF=(XQC,Tight) NoSymm Geom=Checkpoint Guess=Read",M052X/def2SVP,12,0,1,16,16GB,True,2,0,True,True,-529.100235034,-529.039580,0.060655,30,0,156.5617,298.150,1.00000,True,True,0.06256,True,
m_cresol,gas,,m_cresol/m_cresol_gas_optfreq_M052X_631pGdp.log,m_cresol_gas_M052X_631pGdp.chk,,"#p M052X/6-31+G(d,p) Opt=(CalcFC,MaxCycles=100) Freq Int=UltraFine SCF =(XQC,Tight) NoSymm","M052X/6-31+G(d,p)",16,0,1,4,8GB,True,2,0,False,True,-346.766147354,-346.663788,0.102359,42,0,59.6322,298.150,1.00000,True,True,,False,optimization incomplete
m_cresol,solution,Water,m_cresol/m_cresol_water_optfreq_SMD_M052X_631pGdp.log,m_cresol_water_smd_M052X_631pGdp.chk,m_cresol_gas_M052X_631pGdp.chk,"#p M052X/6-31+G(d,p) Opt=(CalcFC,MaxCycles=100) Freq SCRF=(SMD,Solvent =Water) Int=UltraFine SCF=(XQC,Tight) NoSymm Geom=Checkpoint Guess=Rea d","M052X/6-31+G(d,p)",16,0,1,16,16GB,True,2,0,False,True,-346.777014683,-346.675154,0.101861,42,0,48.9826,298.150,1.00000,True,True,0.04936,False,optimization incomplete
methanol,gas,,methanol/methanol_gas_optfreq_SMD_protocol_M052X_631pGdp.log,methanol_gas_M052X_631pGdp.chk,,"#p M052X/6-31+G(d,p) Opt Freq Int=UltraFine SCF=(XQC,Tight) NoSymm","M052X/6-31+G(d,p)",6,0,1,4,8GB,True,2,0,True,True,-115.704711175,-115.675569,0.029143,12,1,-314.2455,298.150,1.00000,False,False,,False,1 imaginary frequency/frequencies
methanol,gas,,methanol/methanol_gas_retry_from_water.log,methanol_gas_retry_M052X_631pGdp.chk,methanol_water_smd_M052X_631pGdp.chk,"#p M052X/6-31+G(d,p) Opt=(CalcFC,MaxCycles=100) Freq Int=UltraFine SCF =(XQC,Tight) NoSymm Geom=Checkpoint","M052X/6-31+G(d,p)",6,0,1,4,8GB,True,2,0,True,True,-115.706503235,-115.677003,0.029500,12,0,300.8853,298.150,1.00000,True,False,,True,
methanol,solution,Water,methanol/methanol_water_optfreq_SMD_M052X_631pGdp.log,methanol_water_smd_M052X_631pGdp.chk,methanol_gas_M052X_631pGdp.chk,"#p M052X/6-31+G(d,p) Opt=(CalcFC,MaxCycles=100) Freq SCRF=(SMD,Solvent =Water) Int=UltraFine SCF=(XQC,Tight) NoSymm Geom=Checkpoint Guess=Rea d","M052X/6-31+G(d,p)",6,0,1,16,16GB,True,2,0,True,True,-115.715468002,-115.686222,0.029246,12,0,281.1758,298.150,1.00000,True,False,0.03264,True,
methyl_indole,gas,,methyl_indole/methyl_indole_gas_optfreq_M052X_631pGdp.bad.log,methyl_indole_gas_M052X_631pGdp.chk,,"#p M052X/6-31+G(d,p) Opt=(CalcFC,MaxCycles=200) Freq Int=UltraFine SCF =(XQC,Tight) NoSymm","M052X/6-31+G(d,p)",21,0,1,8,12GB,False,0,1,False,False,,,,0,0,,,,False,False,,False,no final normal termination; Gaussian error termination; optimization incomplete; stationary point not confirmed; missing thermal Gibbs free energy; missing frequencies
methyl_indole,gas,,methyl_indole/methyl_indole_gas_optfreq_M052X_631pGdp.log,methyl_indole_gas_M052X_631pGdp.chk,,"#p M052X/6-31+G(d,p) Opt=(CalcFC,MaxCycles=200) Freq Int=UltraFine SCF =(XQC,Tight) NoSymm","M052X/6-31+G(d,p)",19,0,1,8,12GB,True,2,0,True,True,-403.118430689,-402.990675,0.127755,51,0,135.4482,298.150,1.00000,True,True,,True,
methyl_indole,solution,Water,methyl_indole/methyl_indole_water_optfreq_SMD_M052X_631pGdp.log,methyl_indole_water_smd_M052X_631pGdp.chk,methyl_indole_gas_M052X_631pGdp.chk,"#p M052X/6-31+G(d,p) Opt=(CalcFC,MaxCycles=200) Freq SCRF=(SMD,Solvent =Water) Int=UltraFine SCF=(XQC,Tight) NoSymm Geom=Checkpoint Guess=Rea d","M052X/6-31+G(d,p)",19,0,1,16,20GB,True,2,0,True,True,-403.127942743,-403.000448,0.127494,51,0,140.0302,298.150,1.00000,True,True,0.05021,True,
methyl_naphthalene,gas,,methyl_naphthalene/methyl_naphthalene_gas_optfreq_M052X_631pGdp.log,methyl_naphthalene_gas_M052X_631pGdp.chk,,"#p M052X/6-31+G(d,p) Opt=(CalcFC,MaxCycles=150) Freq Int=UltraFine SCF =(XQC,Tight) NoSymm","M052X/6-31+G(d,p)",21,0,1,4,8GB,True,2,0,True,True,-425.187636418,-425.042321,0.145315,57,0,135.0676,298.150,1.00000,True,True,,True,
methyl_naphthalene,solution,Water,methyl_naphthalene/methyl_naphthalene_water_optfreq_SMD_M052X_631pGdp.log,methyl_naphthalene_water_smd_M052X_631pGdp.chk,methyl_naphthalene_gas_M052X_631pGdp.chk,"#p M052X/6-31+G(d,p) Opt=(CalcFC,MaxCycles=150) Freq SCRF=(SMD,Solvent =Water) Int=UltraFine SCF=(XQC,Tight) NoSymm Geom=Checkpoint Guess=Rea d","M052X/6-31+G(d,p)",21,0,1,16,16GB,True,2,0,True,True,-425.192608251,-425.047641,0.144968,57,0,134.1825,298.150,1.00000,True,True,0.05421,True,
methylamine,gas,,methylamine/.ipynb_checkpoints/methylamine_gas_optfreq_M052X_631pGdp-checkpoint.log,methylamine_gas_M052X_631pGdp.chk,,"#p M052X/6-31+G(d,p) Opt=(CalcFC,MaxCycles=100) Freq Int=UltraFine SCF =(XQC,Tight) NoSymm","M052X/6-31+G(d,p)",7,0,1,4,8GB,True,2,0,True,True,-95.8431397917,-95.800734,0.042406,15,0,315.4214,298.150,1.00000,True,False,,True,
methylamine,solution,Water,methylamine/.ipynb_checkpoints/methylamine_water_optfreq_SMD_M052X_631pGdp-checkpoint.log,methylamine_water_smd_M052X_631pGdp.chk,methylamine_gas_M052X_631pGdp.chk,"#p M052X/6-31+G(d,p) Opt=(CalcFC,MaxCycles=100) Freq SCRF=(SMD,Solvent =Water) Int=UltraFine SCF=(XQC,Tight) NoSymm Geom=Checkpoint Guess=Rea d","M052X/6-31+G(d,p)",7,0,1,16,16GB,True,2,0,True,True,-95.8505620190,-95.808304,0.042258,15,0,300.1527,298.150,1.00000,True,False,0.02937,True,
methylamine,gas,,methylamine/methylamine_gas_optfreq_M052X_631pGdp.log,methylamine_gas_M052X_631pGdp.chk,,"#p M052X/6-31+G(d,p) Opt=(CalcFC,MaxCycles=100) Freq Int=UltraFine SCF =(XQC,Tight) NoSymm","M052X/6-31+G(d,p)",7,0,1,4,8GB,True,2,0,True,True,-95.8431397917,-95.800734,0.042406,15,0,315.4214,298.150,1.00000,True,False,,True,
methylamine,solution,Water,methylamine/methylamine_water_optfreq_SMD_M052X_631pGdp.log,methylamine_water_smd_M052X_631pGdp.chk,methylamine_gas_M052X_631pGdp.chk,"#p M052X/6-31+G(d,p) Opt=(CalcFC,MaxCycles=100) Freq SCRF=(SMD,Solvent =Water) Int=UltraFine SCF=(XQC,Tight) NoSymm Geom=Checkpoint Guess=Rea d","M052X/6-31+G(d,p)",7,0,1,16,16GB,True,2,0,True,True,-95.8505620190,-95.808304,0.042258,15,0,300.1527,298.150,1.00000,True,False,0.02937,True,
n_methylaniline,gas,,n_methylaniline/n_methylaniline_gas_optfreq_M052X_631pGdp.log,n_methylaniline_gas_M052X_631pGdp.chk,,"#p M052X/6-31+G(d,p) Opt=(CalcFC,MaxCycles=100) Freq Int=UltraFine SCF =(XQC,Tight) NoSymm","M052X/6-31+G(d,p)",17,0,1,4,8GB,True,2,0,True,True,-326.889791821,-326.773116,0.116676,45,0,102.4287,298.150,1.00000,True,True,,True,
n_methylaniline,solution,Water,n_methylaniline/n_methylaniline_water_optfreq_SMD_M052X_631pGdp.log,n_methylaniline_water_smd_M052X_631pGdp.chk,n_methylaniline_gas_M052X_631pGdp.chk,"#p M052X/6-31+G(d,p) Opt=(CalcFC,MaxCycles=100) Freq SCRF=(SMD,Solvent =Water) Int=UltraFine SCF=(XQC,Tight) NoSymm Geom=Checkpoint Guess=Rea d","M052X/6-31+G(d,p)",17,0,1,16,16GB,True,2,0,True,True,-326.898960857,-326.782055,0.116906,45,0,108.8999,298.150,1.00000,True,True,0.04843,True,
n_n_dimethylaniline,gas,,n_n_dimethylaniline/n_n_dimethylaniline_gas_optfreq_M052X_631pGdp.log,n_n_dimethylaniline_gas_M052X_631pGdp.chk,,"#p M052X/6-31+G(d,p) Opt=(CalcFC,MaxCycles=100) Freq Int=UltraFine SCF =(XQC,Tight) NoSymm","M052X/6-31+G(d,p)",20,0,1,4,8GB,True,2,0,True,True,-366.188937658,-366.045421,0.143517,54,0,69.0374,298.150,1.00000,True,True,,True,
n_n_dimethylaniline,solution,Water,n_n_dimethylaniline/n_n_dimethylaniline_water_optfreq_SMD_M052X_631pGdp.log,n_n_dimethylaniline_water_smd_M052X_631pGdp.chk,n_n_dimethylaniline_gas_M052X_631pGdp.chk,"#p M052X/6-31+G(d,p) Opt=(CalcFC,MaxCycles=100) Freq SCRF=(SMD,Solvent =Water) Int=UltraFine SCF=(XQC,Tight) NoSymm Geom=Checkpoint Guess=Rea d","M052X/6-31+G(d,p)",20,0,1,16,16GB,True,2,0,True,True,-366.196259488,-366.053306,0.142953,54,0,22.0685,298.150,1.00000,True,True,0.05290,True,
naphthalene,gas,,naphthalene/naphthalene_gas_optfreq_M052X_631pGdp.log,naphthalene_gas_M052X_631pGdp.chk,,"#p M052X/6-31+G(d,p) Opt=(CalcFC,MaxCycles=150) Freq Int=UltraFine SCF =(XQC,Tight) NoSymm","M052X/6-31+G(d,p)",18,0,1,4,8GB,True,2,0,True,True,-385.874146865,-385.755446,0.118701,48,0,175.0801,298.150,1.00000,True,True,,True,
naphthalene,solution,Water,naphthalene/naphthalene_water_optfreq_SMD_M052X_631pGdp.log,naphthalene_water_smd_M052X_631pGdp.chk,naphthalene_gas_M052X_631pGdp.chk,"#p M052X/6-31+G(d,p) Opt=(CalcFC,MaxCycles=150) Freq SCRF=(SMD,Solvent =Water) Int=UltraFine SCF=(XQC,Tight) NoSymm Geom=Checkpoint Guess=Rea d","M052X/6-31+G(d,p)",18,0,1,16,16GB,True,2,0,True,True,-385.879484614,-385.760346,0.119139,48,0,177.9548,298.150,1.00000,True,True,0.05102,True,
naphthol_1,gas,,naphthol_1/naphthol_1_gas_optfreq_M052X_631pGdp.log,naphthol_1_gas_M052X_631pGdp.chk,,"#p M052X/6-31+G(d,p) Opt=(CalcFC,MaxCycles=150) Freq Int=UltraFine SCF =(XQC,Tight) NoSymm","M052X/6-31+G(d,p)",19,0,1,4,8GB,True,2,0,True,True,-461.093707245,-460.972072,0.121635,51,0,143.1930,298.150,1.00000,True,True,,True,
naphthol_1,solution,Water,naphthol_1/naphthol_1_water_optfreq_SMD_M052X_631pGdp.log,naphthol_1_water_smd_M052X_631pGdp.chk,naphthol_1_gas_M052X_631pGdp.chk,"#p M052X/6-31+G(d,p) Opt=(CalcFC,MaxCycles=150) Freq SCRF=(SMD,Solvent =Water) Int=UltraFine SCF=(XQC,Tight) NoSymm Geom=Checkpoint Guess=Rea d","M052X/6-31+G(d,p)",19,0,1,16,16GB,True,2,0,True,True,-461.106158991,-460.984789,0.121370,51,0,141.9806,298.150,1.00000,True,True,0.05188,True,
naphthol_2,gas,,naphthol_2/naphthol_2_gas_optfreq_M052X_631pGdp.log,naphthol_2_gas_M052X_631pGdp.chk,,"#p M052X/6-31+G(d,p) Opt=(CalcFC,MaxCycles=150) Freq Int=UltraFine SCF =(XQC,Tight) NoSymm","M052X/6-31+G(d,p)",19,0,1,4,8GB,True,2,0,True,True,-461.092163218,-460.971134,0.121029,51,0,124.5826,298.150,1.00000,True,True,,True,
naphthol_2,solution,Water,naphthol_2/naphthol_2_water_optfreq_SMD_M052X_631pGdp.log,naphthol_2_water_smd_M052X_631pGdp.chk,naphthol_2_gas_M052X_631pGdp.chk,"#p M052X/6-31+G(d,p) Opt=(CalcFC,MaxCycles=150) Freq SCRF=(SMD,Solvent =Water) Int=UltraFine SCF=(XQC,Tight) NoSymm Geom=Checkpoint Guess=Rea d","M052X/6-31+G(d,p)",19,0,1,16,16GB,True,2,0,True,True,-461.106199575,-460.985089,0.121111,51,0,128.7027,298.150,1.00000,True,True,0.05268,True,
naphthylamine_1,gas,,naphthylamine_1/naphthylamine_1_gas_optfreq_M052X_631pGdp.log,naphthylamine_1_gas_M052X_631pGdp.chk,,"#p M052X/6-31+G(d,p) Opt=(CalcFC,MaxCycles=150) Freq Int=UltraFine SCF =(XQC,Tight) NoSymm","M052X/6-31+G(d,p)",20,0,1,4,8GB,True,2,0,True,True,-441.229274179,-441.094976,0.134298,54,0,133.7064,298.150,1.00000,True,True,,True,
naphthylamine_1,solution,Water,naphthylamine_1/naphthylamine_1_water_optfreq_SMD_M052X_631pGdp.log,naphthylamine_1_water_smd_M052X_631pGdp.chk,naphthylamine_1_gas_M052X_631pGdp.chk,"#p M052X/6-31+G(d,p) Opt=(CalcFC,MaxCycles=150) Freq SCRF=(SMD,Solvent =Water) Int=UltraFine SCF=(XQC,Tight) NoSymm Geom=Checkpoint Guess=Rea d","M052X/6-31+G(d,p)",20,0,1,16,16GB,True,2,0,True,True,-441.241829401,-441.107706,0.134124,54,0,134.6544,298.150,1.00000,True,True,0.05022,True,
naphthylamine_2,gas,,naphthylamine_2/naphthylamine_2_gas_optfreq_M052X_631pGdp.log,naphthylamine_2_gas_M052X_631pGdp.chk,,"#p M052X/6-31+G(d,p) Opt=(CalcFC,MaxCycles=150) Freq Int=UltraFine SCF =(XQC,Tight) NoSymm","M052X/6-31+G(d,p)",20,0,1,4,8GB,True,2,0,True,True,-441.230234129,-441.096485,0.133749,54,0,121.6802,298.150,1.00000,True,True,,True,
naphthylamine_2,solution,Water,naphthylamine_2/naphthylamine_2_water_optfreq_SMD_M052X_631pGdp.log,naphthylamine_2_water_smd_M052X_631pGdp.chk,naphthylamine_2_gas_M052X_631pGdp.chk,"#p M052X/6-31+G(d,p) Opt=(CalcFC,MaxCycles=150) Freq SCRF=(SMD,Solvent =Water) Int=UltraFine SCF=(XQC,Tight) NoSymm Geom=Checkpoint Guess=Rea d","M052X/6-31+G(d,p)",20,0,1,16,16GB,True,2,0,True,True,-441.243072172,-441.109524,0.133548,54,0,122.0234,298.150,1.00000,True,True,0.05009,True,
nitrobenzene,gas,,nitrobenzene/nitrobenzene_gas_optfreq_M052X_631pGdp.log,nitrobenzene_gas_M052X_631pGdp.chk,,"#p M052X/6-31+G(d,p) Opt=(CalcFC,MaxCycles=100) Freq Int=UltraFine SCF =(XQC,Tight) NoSymm","M052X/6-31+G(d,p)",14,0,1,4,8GB,True,2,0,True,True,-436.715756369,-436.641521,0.074235,36,0,57.5811,298.150,1.00000,True,True,,True,
nitrobenzene,solution,Water,nitrobenzene/nitrobenzene_water_optfreq_SMD_M052X_631pGdp.log,nitrobenzene_water_smd_M052X_631pGdp.chk,nitrobenzene_gas_M052X_631pGdp.chk,"#p M052X/6-31+G(d,p) Opt=(CalcFC,MaxCycles=100) Freq SCRF=(SMD,Solvent =Water) Int=UltraFine SCF=(XQC,Tight) NoSymm Geom=Checkpoint Guess=Rea d","M052X/6-31+G(d,p)",14,0,1,16,16GB,True,2,0,True,True,-436.721851774,-436.648454,0.073398,36,0,35.3054,298.150,1.00000,True,True,0.04373,True,
o_cresol,gas,,o_cresol/o_cresol_gas_optfreq_M052X_631pGdp.log,o_cresol_gas_M052X_631pGdp.chk,,"#p M052X/6-31+G(d,p) Opt=(CalcFC,MaxCycles=100) Freq Int=UltraFine SCF =(XQC,Tight) NoSymm","M052X/6-31+G(d,p)",16,0,1,4,8GB,True,2,0,True,True,-346.766691282,-346.663238,0.103453,42,0,170.2097,298.150,1.00000,True,True,,True,
o_cresol,solution,Water,o_cresol/o_cresol_water_optfreq_SMD_M052X_631pGdp.log,o_cresol_water_smd_M052X_631pGdp.chk,o_cresol_gas_M052X_631pGdp.chk,"#p M052X/6-31+G(d,p) Opt=(CalcFC,MaxCycles=100) Freq SCRF=(SMD,Solvent =Water) Int=UltraFine SCF=(XQC,Tight) NoSymm Geom=Checkpoint Guess=Rea d","M052X/6-31+G(d,p)",16,0,1,16,16GB,True,2,0,True,True,-346.777326926,-346.673993,0.103334,42,0,176.3827,298.150,1.00000,True,True,0.04940,True,
o_toluidine,gas,,o_toluidine/o_toluidine_gas_optfreq_M052X_631pGdp.log,o_toluidine_gas_M052X_631pGdp.chk,,"#p M052X/6-31+G(d,p) Opt=(CalcFC,MaxCycles=100) Freq Int=UltraFine SCF =(XQC,Tight) NoSymm","M052X/6-31+G(d,p)",17,0,1,4,8GB,True,2,0,True,True,-326.904126911,-326.787653,0.116474,45,0,173.8172,298.150,1.00000,True,True,,True,
o_toluidine,solution,Water,o_toluidine/o_toluidine_water_optfreq_SMD_M052X_631pGdp.log,o_toluidine_water_smd_M052X_631pGdp.chk,o_toluidine_gas_M052X_631pGdp.chk,"#p M052X/6-31+G(d,p) Opt=(CalcFC,MaxCycles=100) Freq SCRF=(SMD,Solvent =Water) Int=UltraFine SCF=(XQC,Tight) NoSymm Geom=Checkpoint Guess=Rea d","M052X/6-31+G(d,p)",17,0,1,16,16GB,True,2,0,True,True,-326.913909187,-326.797633,0.116276,45,0,173.5140,298.150,1.00000,True,True,0.04707,True,
p_cresol,gas,,p_cresol/p_cresol_gas_optfreq_M052X_631pGdp.log,p_cresol_gas_M052X_631pGdp.chk,,"#p M052X/6-31+G(d,p) Opt=(CalcFC,MaxCycles=100) Freq Int=UltraFine SCF =(XQC,Tight) NoSymm","M052X/6-31+G(d,p)",16,0,1,4,8GB,True,2,0,True,True,-346.765140977,-346.661750,0.103390,42,1,-0.9304,298.150,1.00000,True,True,,False,1 imaginary frequency/frequencies
p_cresol,gas,,p_cresol/p_cresol_gas_retry_from_water.log,p_cresol_gas_retry_M052X_631pGdp.chk,p_cresol_water_smd_M052X_631pGdp.chk,"#p M052X/6-31+G(d,p) Opt=(CalcFC,MaxCycles=100) Freq Int=UltraFine SCF =(XQC,Tight) NoSymm Geom=Checkpoint Guess=Read","M052X/6-31+G(d,p)",16,0,1,4,8GB,True,2,0,True,True,-346.765140973,-346.661750,0.103391,42,1,-3.6682,298.150,1.00000,True,True,,False,1 imaginary frequency/frequencies
p_cresol,solution,Water,p_cresol/p_cresol_water_optfreq_SMD_M052X_631pGdp.log,p_cresol_water_smd_M052X_631pGdp.chk,p_cresol_gas_M052X_631pGdp.chk,"#p M052X/6-31+G(d,p) Opt=(CalcFC,MaxCycles=100) Freq SCRF=(SMD,Solvent =Water) Int=UltraFine SCF=(XQC,Tight) NoSymm Geom=Checkpoint Guess=Rea d","M052X/6-31+G(d,p)",16,0,1,16,16GB,True,2,0,True,True,-346.775925389,-346.672937,0.102988,42,1,-32.9770,298.150,1.00000,True,True,0.04928,False,1 imaginary frequency/frequencies
p_cresol,solution,Water,p_cresol/p_cresol_water_retry.log,p_cresol_water_retry.chk,p_cresol_water_smd_M052X_631pGdp.chk,"# M052X/6-31+G(d,p) Opt=(CalcFC,MaxCycles=200) Freq SCRF=(SMD,Solvent= Water) Geom=AllCheck Guess=Read","M052X/6-31+G(d,p)",16,0,1,16,20GB,True,2,0,True,True,-346.775939142,-346.674000,0.101939,42,0,60.0883,298.150,1.00000,True,True,0.04928,True,
p_toluidine,gas,,p_toluidine/p_toluidine_gas_optfreq_M052X_631pGdp.log,p_toluidine_gas_M052X_631pGdp.chk,,"#p M052X/6-31+G(d,p) Opt=(CalcFC,MaxCycles=100) Freq Int=UltraFine SCF =(XQC,Tight) NoSymm","M052X/6-31+G(d,p)",17,0,1,4,8GB,True,2,0,True,True,-326.901998730,-326.787601,0.114398,45,0,39.3950,298.150,1.00000,True,True,,True,
p_toluidine,solution,Water,p_toluidine/p_toluidine_water_optfreq_SMD_M052X_631pGdp.log,p_toluidine_water_smd_M052X_631pGdp.chk,p_toluidine_gas_M052X_631pGdp.chk,"#p M052X/6-31+G(d,p) Opt=(CalcFC,MaxCycles=100) Freq SCRF=(SMD,Solvent =Water) Int=UltraFine SCF=(XQC,Tight) NoSymm Geom=Checkpoint Guess=Rea d","M052X/6-31+G(d,p)",17,0,1,16,16GB,True,2,0,True,True,-326.911631015,-326.796907,0.114724,45,0,67.9513,298.150,1.00000,True,True,0.04655,True,
phenethyl_alcohol,gas,,phenethyl_alcohol/phenethyl_alcohol_gas_optfreq_M052X_631pGdp.log,phenethyl_alcohol_gas_M052X_631pGdp.chk,,"#p M052X/6-31+G(d,p) Opt=(CalcFC,MaxCycles=100) Freq Int=UltraFine SCF =(XQC,Tight) NoSymm","M052X/6-31+G(d,p)",19,0,1,4,8GB,True,2,0,True,True,-386.067564608,-385.937169,0.130396,51,0,38.9048,298.150,1.00000,True,True,,True,
phenethyl_alcohol,solution,Water,phenethyl_alcohol/phenethyl_alcohol_water_optfreq_SMD_M052X_631pGdp.log,phenethyl_alcohol_water_smd_M052X_631pGdp.chk,phenethyl_alcohol_gas_M052X_631pGdp.chk,"#p M052X/6-31+G(d,p) Opt=(CalcFC,MaxCycles=100) Freq SCRF=(SMD,Solvent =Water) Int=UltraFine SCF=(XQC,Tight) NoSymm Geom=Checkpoint Guess=Rea d","M052X/6-31+G(d,p)",19,0,1,16,16GB,True,2,0,True,True,-386.081031910,-385.950441,0.130591,51,0,38.2884,298.150,1.00000,True,True,0.05423,True,
phenetole,gas,,phenetole/phenetole_gas_optfreq_M052X_631pGdp.log,phenetole_gas_M052X_631pGdp.chk,,"#p M052X/6-31+G(d,p) Opt=(CalcFC,MaxCycles=100) Freq Int=UltraFine SCF =(XQC,Tight) NoSymm","M052X/6-31+G(d,p)",19,0,1,4,8GB,True,2,0,True,True,-386.060317617,-385.929071,0.131247,51,0,52.4716,298.150,1.00000,True,True,,True,
phenetole,solution,Water,phenetole/phenetole_water_optfreq_SMD_M052X_631pGdp.log,phenetole_water_smd_M052X_631pGdp.chk,phenetole_gas_M052X_631pGdp.chk,"#p M052X/6-31+G(d,p) Opt=(CalcFC,MaxCycles=100) Freq SCRF=(SMD,Solvent =Water) Int=UltraFine SCF=(XQC,Tight) NoSymm Geom=Checkpoint Guess=Rea d","M052X/6-31+G(d,p)",19,0,1,16,16GB,True,2,0,True,True,-386.066159224,-385.935324,0.130835,51,0,54.4422,298.150,1.00000,True,True,0.05182,True,
phenol,gas,,phenol/phenol_gas_optfreq_M052X_631pGdp.log,phenol_gas_M052X_631pGdp.chk,,"#p M052X/6-31+G(d,p) Opt=(CalcFC,MaxCycles=100) Freq Int=UltraFine SCF =(XQC,Tight) NoSymm","M052X/6-31+G(d,p)",13,0,1,4,8GB,True,2,0,True,True,-307.452656444,-307.375390,0.077267,33,0,233.0188,298.150,1.00000,True,True,,True,
phenol,solution,Water,phenol/phenol_water_optfreq_SMD_M052X_631pGdp.log,phenol_water_smd_M052X_631pGdp.chk,phenol_gas_M052X_631pGdp.chk,"#p M052X/6-31+G(d,p) Opt=(CalcFC,MaxCycles=100) Freq SCRF=(SMD,Solvent =Water) Int=UltraFine SCF=(XQC,Tight) NoSymm Geom=Checkpoint Guess=Rea d","M052X/6-31+G(d,p)",13,0,1,16,16GB,True,2,0,True,True,-307.464064235,-307.387021,0.077043,33,0,235.3644,298.150,1.00000,True,True,0.04514,True,
propylbenzene,gas,,propylbenzene/propylbenzene_gas_optfreq_M052X_631pGdp.log,propylbenzene_gas_M052X_631pGdp.chk,,"#p M052X/6-31+G(d,p) Opt=(CalcFC,MaxCycles=100) Freq Int=UltraFine SCF =(XQC,Tight) NoSymm","M052X/6-31+G(d,p)",21,0,1,4,8GB,True,2,0,True,True,-350.167844358,-350.014239,0.153605,57,0,33.0064,298.150,1.00000,True,True,,True,
propylbenzene,solution,Water,propylbenzene/propylbenzene_water_optfreq_SMD_M052X_631pGdp.log,propylbenzene_water_smd_M052X_631pGdp.chk,propylbenzene_gas_M052X_631pGdp.chk,"#p M052X/6-31+G(d,p) Opt=(CalcFC,MaxCycles=100) Freq SCRF=(SMD,Solvent =Water) Int=UltraFine SCF=(XQC,Tight) NoSymm Geom=Checkpoint Guess=Rea d","M052X/6-31+G(d,p)",21,0,1,16,16GB,True,2,0,True,True,-350.169779319,-350.016663,0.153116,57,0,31.5467,298.150,1.00000,True,True,0.05626,True,
pyridine,gas,,pyridine/pyridine_gas_optfreq_M052X_631pGdp.log,pyridine_gas_M052X_631pGdp.chk,,"#p M052X/6-31+G(d,p) Opt=(CalcFC,MaxCycles=100) Freq Int=UltraFine SCF =(XQC,Tight) NoSymm","M052X/6-31+G(d,p)",11,0,1,4,8GB,True,2,0,True,True,-248.267742805,-248.203983,0.063759,27,0,389.8070,298.150,1.00000,True,True,,True,
pyridine,solution,Water,pyridine/pyridine_water_optfreq_SMD_M052X_631pGdp.log,pyridine_water_smd_M052X_631pGdp.chk,pyridine_gas_M052X_631pGdp.chk,"#p M052X/6-31+G(d,p) Opt=(CalcFC,MaxCycles=100) Freq SCRF=(SMD,Solvent =Water) Int=UltraFine SCF=(XQC,Tight) NoSymm Geom=Checkpoint Guess=Rea d","M052X/6-31+G(d,p)",11,0,1,16,16GB,True,2,0,True,True,-248.276492374,-248.213280,0.063213,27,0,391.2010,298.150,1.00000,True,True,0.03675,True,
quinoline,gas,,quinoline/quinoline_gas_optfreq_M052X_631pGdp.log,quinoline_gas_M052X_631pGdp.chk,,"#p M052X/6-31+G(d,p) Opt=(CalcFC,MaxCycles=150) Freq Int=UltraFine SCF =(XQC,Tight) NoSymm","M052X/6-31+G(d,p)",17,0,1,4,8GB,True,2,0,True,True,-401.907889226,-401.800898,0.106991,45,0,173.6972,298.150,1.00000,True,True,,True,
quinoline,solution,Water,quinoline/quinoline_water_optfreq_SMD_M052X_631pGdp.log,quinoline_water_smd_M052X_631pGdp.chk,quinoline_gas_M052X_631pGdp.chk,"#p M052X/6-31+G(d,p) Opt=(CalcFC,MaxCycles=150) Freq SCRF=(SMD,Solvent =Water) Int=UltraFine SCF=(XQC,Tight) NoSymm Geom=Checkpoint Guess=Rea d","M052X/6-31+G(d,p)",17,0,1,16,16GB,True,2,0,True,True,-401.918583278,-401.811571,0.107012,45,0,172.5723,298.150,1.00000,True,True,0.04563,True,
styrene,gas,,styrene/styrene_gas_optfreq_M052X_631pGdp.log,styrene_gas_M052X_631pGdp.chk,,"#p M052X/6-31+G(d,p) Opt=(CalcFC,MaxCycles=100) Freq Int=UltraFine SCF =(XQC,Tight) NoSymm","M052X/6-31+G(d,p)",16,0,1,4,8GB,True,2,0,True,True,-309.628371008,-309.524218,0.104153,42,0,44.7516,298.150,1.00000,True,True,,True,
styrene,solution,Water,styrene/styrene_water_optfreq_SMD_M052X_631pGdp.log,styrene_water_smd_M052X_631pGdp.chk,styrene_gas_M052X_631pGdp.chk,"#p M052X/6-31+G(d,p) Opt=(CalcFC,MaxCycles=100) Freq SCRF=(SMD,Solvent =Water) Int=UltraFine SCF=(XQC,Tight) NoSymm Geom=Checkpoint Guess=Rea d","M052X/6-31+G(d,p)",16,0,1,16,16GB,False,0,2,False,False,-309.631911799,,,0,0,,,,False,True,0.04965,False,no final normal termination; Gaussian error termination; optimization incomplete; stationary point not confirmed; missing thermal Gibbs free energy; missing frequencies
styrene,solution,Water,styrene/styrene_water_retry.log,styrene_water_optfreq_SMD_M052X_631pGdp.chk,,"# M052X/6-31+G(d,p) Opt=(CalcFC,MaxCycles=200) Freq SCRF=(SMD,Solvent= Water) Geom=AllCheck Guess=Read","M052X/6-31+G(d,p)",,,,16,20GB,False,0,1,False,False,,,,0,0,,,,False,False,,False,no final normal termination; Gaussian error termination; optimization incomplete; stationary point not confirmed; missing thermal Gibbs free energy; missing frequencies
styrene,solution,Water,styrene/styrene_water_retry2.log,styrene_water_retry2.chk,styrene_water_smd_M052X_631pGdp.chk,"# M052X/6-31+G(d,p) Opt=(CalcFC,MaxCycles=200) Freq SCRF=(SMD,Solvent= Water) Geom=AllCheck Guess=Read","M052X/6-31+G(d,p)",16,0,1,16,20GB,True,2,0,False,True,-309.631947184,-309.528192,0.103755,42,0,28.5171,298.150,1.00000,True,True,0.04974,False,optimization incomplete
thioanisole,gas,,thioanisole/thioanisole_gas_optfreq_M052X_631pGdp.log,thioanisole_gas_M052X_631pGdp.chk,,"#p M052X/6-31+G(d,p) Opt=(CalcFC,MaxCycles=100) Freq Int=UltraFine SCF =(XQC,Tight) NoSymm","M052X/6-31+G(d,p)",16,0,1,4,8GB,True,2,0,True,True,-669.709144708,-669.610480,0.098664,42,0,29.8025,298.150,1.00000,True,True,,True,
thioanisole,solution,Water,thioanisole/thioanisole_water_optfreq_SMD_M052X_631pGdp.log,thioanisole_water_smd_M052X_631pGdp.chk,thioanisole_gas_M052X_631pGdp.chk,"#p M052X/6-31+G(d,p) Opt=(CalcFC,MaxCycles=100) Freq SCRF=(SMD,Solvent =Water) Int=UltraFine SCF=(XQC,Tight) NoSymm Geom=Checkpoint Guess=Rea d","M052X/6-31+G(d,p)",16,0,1,16,16GB,True,2,0,True,True,-669.714562157,-669.615720,0.098842,42,0,45.2426,298.150,1.00000,True,True,0.04040,True,
thiophenol,gas,,thiophenol/thiophenol_gas_flipSH.log,thiophenol_gas_flipSH_M052X_631pGdp.chk,,"#p M052X/6-31+G(d,p) Opt=(CalcFC,MaxCycles=150) Freq Int=UltraFine SCF =(XQC,Tight) NoSymm","M052X/6-31+G(d,p)",13,0,1,4,8GB,True,2,0,True,True,-630.398346572,-630.327514,0.070833,33,0,157.8631,298.150,1.00000,True,True,,True,
thiophenol,gas,,thiophenol/thiophenol_gas_optfreq_M052X_631pGdp.log,thiophenol_gas_M052X_631pGdp.chk,,"#p M052X/6-31+G(d,p) Opt=(CalcFC,MaxCycles=100) Freq Int=UltraFine SCF =(XQC,Tight) NoSymm","M052X/6-31+G(d,p)",13,0,1,4,8GB,True,2,0,True,True,-630.398361571,-630.327387,0.070975,33,1,-64.2294,298.150,1.00000,True,True,,False,1 imaginary frequency/frequencies
thiophenol,gas,,thiophenol/thiophenol_gas_retry_from_water.log,thiophenol_gas_retry_M052X_631pGdp.chk,thiophenol_water_smd_M052X_631pGdp.chk,"#p M052X/6-31+G(d,p) Opt=(CalcFC,MaxCycles=100) Freq Int=UltraFine SCF =(XQC,Tight) NoSymm Geom=Checkpoint Guess=Read","M052X/6-31+G(d,p)",13,0,1,4,8GB,True,2,0,True,True,-630.398361571,-630.327386,0.070975,33,1,-64.2306,298.150,1.00000,True,True,,False,1 imaginary frequency/frequencies
thiophenol,solution,Water,thiophenol/thiophenol_water_optfreq_SMD_M052X_631pGdp.log,thiophenol_water_smd_M052X_631pGdp.chk,thiophenol_gas_M052X_631pGdp.chk,"#p M052X/6-31+G(d,p) Opt=(CalcFC,MaxCycles=100) Freq SCRF=(SMD,Solvent =Water) Int=UltraFine SCF=(XQC,Tight) NoSymm Geom=Checkpoint Guess=Rea d","M052X/6-31+G(d,p)",13,0,1,16,16GB,True,2,0,True,True,-630.404205146,-630.333696,0.070509,33,0,129.5068,298.150,1.00000,True,True,0.03403,True,
trichlorobiphenyl,gas,,trichlorobiphenyl/trichlorobiphenyl_gas_optfreq_M052X_631pGdp.log,trichlorobiphenyl_gas_M052X_631pGdp.chk,,"#p M052X/6-31+G(d,p) Opt=(CalcFC,MaxCycles=200) Freq Int=UltraFine SCF =(XQC,Tight) NoSymm","M052X/6-31+G(d,p)",22,0,1,8,12GB,True,2,0,True,True,-1841.99869160,-1841.884038,0.114653,60,0,49.8464,298.150,1.00000,True,True,,True,
trichlorobiphenyl,solution,Water,trichlorobiphenyl/trichlorobiphenyl_water_optfreq_SMD_M052X_631pGdp.log,trichlorobiphenyl_water_smd_M052X_631pGdp.chk,trichlorobiphenyl_gas_M052X_631pGdp.chk,"#p M052X/6-31+G(d,p) Opt=(CalcFC,MaxCycles=200) Freq SCRF=(SMD,Solvent =Water) Int=UltraFine SCF=(XQC,Tight) NoSymm Geom=Checkpoint Guess=Rea d","M052X/6-31+G(d,p)",22,0,1,16,20GB,True,2,0,True,True,-1842.00280109,-1841.888375,0.114426,60,0,48.9975,298.150,1.00000,True,True,0.03283,True,
